CC(C)(C)[CH:1]=[OH+],3.8875124737
CCC[C+:1](CC)C=C(C)C,0.1989680546
CC[C:1](=O)C,-27.4455245314
CCN(C(C)C)[C:1](=O)C,-36.5166479615
CC[N+](=[CH:1]Cc1ccccc1)CC,-9.1491232228
CCC[N+](=[C:1](C)C)CCC,-13.8851675561
CC[C:1](=C[N+](=O)[O-])C,-14.4689428786
CCC[C:1](=O)NCC,-34.5644065849
CCCN[C:1](=O)c1ccccc1,-34.0768188277
CC[C+:1](C)C=CC,1.8554118651
CCC[CH:1]=C(CCC)C#N,-24.8984508066
CCC(=[CH2:1])C(=O)CC,-19.148581006219597
CCC[C:1](=O)N,-33.1623252608
CC[C:1](=N)CC,-35.1741403864
CC(C)C(=[CH:1]c1ccccc1)[N+](=O)[O-],-12.5106483516
CC(C)[CH:1]=CC#N,-23.394397574
CCC[CH+:1]C=C,9.5813733845
C[CH:1]=[N+](C)C,-8.3769609272
CC(C)(C)[C+:1](c1ccccc1)C(C)(C)C,-1.342059792
CC(C)(C)[O+]=[CH2:1],6.6148674517
CN[C:1](=O)c1ccccc1,-33.0531760503
C[C+:1](C)C(C)(C)C,6.7197694305
CCN(C)[C:1](=O)C(C)C,-36.9351843742
CCCN[C:1](=O)CC,-35.9486370936
CCCC(=[C:1](CC)c1ccccc1)[N+](=O)[O-],-15.8247481989
CC[CH:1]=CC(=O)c1ccccc1,-18.1060930349
CC[C+:1](CC)C(C)C,3.7525933231
CCC(CC)[C:1](=O)CC,-28.98290247984051
CCCC(=[C:1](c1ccccc1)C(C)C)C#N,-25.8908241322
CN[C:1](=O)Cc1ccccc1,-33.807868203401
CC[CH:1]=C(C)[N+](=O)[O-],-13.1087308745
CC[O+]=[CH:1]C(C)(C)C,2.3238846919
CC[CH:1]=[N+](C(C)C)C(C)C,-13.29299096851353
CC(=C[CH+:1]c1ccccc1)C,0.5853464684
CCC[CH:1]=NCC,-33.8532918179
CCC[O+]=[CH2:1],9.1265216019
C[C+:1](c1ccccc1)c2ccccc2,3.8241574596
C[C:1](=[O+]Cc1ccccc1)C,-0.6979571364
C[CH:1]=[N+](CC(C)C)CC(C)C,-11.4620968098
C[C+:1](C)Cc1ccccc1,8.8432439415
CCC(C)[C:1](=O)OC(C)(C)C,-32.9392528111
CCC(CC)[C+:1](C)c1ccccc1,1.9653653692529929
CCN(Cc1ccccc1)[C:1](=O)C,-35.1705881059
C[C:1](=C(C)[N+](=O)[O-])c1ccccc1,-14.5981932024
CC=C[C+:1](C)C,3.0676434966
CC(C)N[C:1](=O)c1ccccc1,-33.9989605413
CCC[C:1](=[N+](C)C)C,-12.2288772283
c1ccc(cc1)C[CH:1]=[NH2+],-5.4842188809
CCC[C:1](=O)N(C)CC,-35.091362502
CCCN(CCC)[C:1](=O)C,-35.44033548227331
C[C+:1](Cc1ccccc1)c2ccccc2,5.4121412488
CC[C:1](=CC(=O)CC)C,-22.5489762687
CC[CH:1]=CC#N,-21.446711927
CCC[C:1](=C(C(C)C)[N+](=O)[O-])C,-16.7074536303
C[C:1](=CC(=O)c1ccccc1)C,-20.1752415224
CC(C)CO[C:1](=O)C,-29.6192610882
CC(C)[O+]=[C:1](C)C,-1.8522454729
CCC[C:1](=CC=O)CC,-19.5259385309
CCCN([CH:1]=O)C(C)C,-35.76437041207434
CC[N+](=[C:1](C)CC(C)C)CC,-16.6068747767
CCC[C:1](=O)OCC(C)(C)C,-30.5541597814
C[C:1](=C(C)C(=O)C)C,-23.4023082388
CCC[C:1](=[NH2+])CC,-11.4072247372
CC[N+](=[C:1](C)C(C)C)CC,-12.1389448238
CCC(C(C)C)[C+:1](C)c1ccccc1,1.6064649516
C[N+](=[CH:1]c1ccccc1)C,-9.1126592889
c1ccc(cc1)[CH:1]=O,-23.7150487338
CCC[C:1](=C(C)[N+](=O)[O-])CCC,-16.1006779126
CCC(C)[C:1](=O)CC,-28.6862340091
CCO[C:1](=O)C,-29.2287282838
CCCC(=[C:1](C(C)C)C(C)C)[N+](=O)[O-],-19.832959519
CC[C:1](=[N+](C)C)CC,-13.569458302928378
C[CH:1]=NCc1ccccc1,-32.3902162032
CCC[C:1](=O)CC,-29.1067911068
CC(C)N=[C:1](C)C,-35.6941834423
C[C:1](=N)c1ccccc1,-34.289685038
CN=[CH2:1],-31.188730626
CCC(C)[C+:1](CC)c1ccccc1,4.9607827054
CCC[C:1](=CC=O)c1ccccc1,-20.0015216995
CCCN(CC)[C:1](=O)C(C)C,-37.9568153264
C[C:1](=N)Cc1ccccc1,-34.284833913
C[C:1](=[O+]C)c1ccccc1,-2.348714037
C[CH:1]=N,-31.9258033791
CC[C:1](=[N+](CC)CC)CC,-14.129328924957813
C[C:1](=CC(=O)C)c1ccccc1,-21.8514215269
CCC[CH:1]=C[N+](=O)[O-],-12.1671299312
CC[C:1](=C(CC)C(=O)C)CC,-25.5029802212
CC(C)O[CH:1]=O,-26.859197718229463
CCC[C+:1](C)C=CCC,2.1874937817
CCCC(=C[CH+:1]CC)C,3.2704647507
CCC[C:1](=[O+]C)CC,-1.3010731735
CCN(Cc1ccccc1)[CH:1]=O,-34.7000733585
CC(C)[C:1](=N)C(C)C,-37.9090274442
CCCN([CH:1]=O)C(C)C,-35.76437041207434
CCCC=C[C+:1](C)c1ccccc1,0.3719787815
CC(C)[C:1](=CC#N)C,-25.4120155006
CC[CH:1]=C(C)C(=O)C,-21.5820729072
C[C:1](=[O+]C)C(C)(C)C,-2.4929091838
CCC[N+](=[C:1](C)C(C)C)CCC,-13.2610848861
C[C:1](=[NH2+])C,-9.945041419
CCC(C)[C:1](=O)Cc1ccccc1,-27.992803723
CCC(C(C)C)[C:1](=O)C(C)C,-34.84012873891158
CC[C+:1](CC)C=C(C)C,-0.4393035557
CC(C)C[C:1](=O)Cc1ccccc1,-28.391598654
C[C:1](=[NH2+])C(C)(C)C,-11.0512694261
CCC[C+:1](C(C)C)C(C)C,4.1705741534
CCC(C)[C+:1](C)c1ccccc1,4.0213699817
CCC[C:1](=N)CCC,-36.5085817632
CC(C)CO[C:1](=O)C(C)(C)C,-31.6385903034
CCC[C+:1](Cc1ccccc1)c2ccccc2,4.3652508226
CC[C+:1](Cc1ccccc1)C(C)C,7.9075660003
CCC(C(C)C)[C:1](=O)C(CC)C(C)C,-38.228966420798194
CC(C)(C)C[C+:1](c1ccccc1)c2ccccc2,0.917202998
CC[C:1](=C(C(C)C)[N+](=O)[O-])CC,-17.0040208719
CC(C)(C)C[C:1](=O)C(C)(C)C,-31.5355105601
CCC[C+:1](CC(C)C)C(C)C,3.9626174433553865
CCC[CH:1]=[O+]C,3.3486754492303605
CCN=[C:1](C)C(C)C,-38.1602789303
CCN=[CH:1]C,-33.3863237195
CC[C+:1](C=CC)c1ccccc1,1.781087913505409
CCC(CC)[C+:1](c1ccccc1)C(C)(C)C,-0.6292615048
CCC[C:1](=C(CC)[N+](=O)[O-])C,-15.7899982693
CCC(C)O[C:1](=O)CC(C)C,-31.8521715734
CCC[C:1](=[NH2+])C,-10.1451424617
CCCC(=C[C+:1](C)CCC)CC,0.3419743641074522
CCC[O+]=[CH:1]C,2.9067920213
CCC(CC)O[C:1](=O)CC,-31.0245024644
CCC[CH:1]=[O+]CC,2.0532043969
CC(C)C[N+](=[CH2:1])CC(C)C,-6.6280058474
CCC[C:1](=C(CC)C(=O)CC)C,-24.9553362568
CCCC(=C[C+:1](CC)CCC)C,-0.6237428477
CCC[CH:1]=[N+](CC)CC,-11.3466946555
CC[CH:1]=CC(=O)C,-20.5613302793
CC(C)C[C:1](=[NH2+])C(C)C,-12.0291475842
CCC(C(C)C)[C+:1](c1ccccc1)C(C)(C)C,0.7591874671
CCC[C:1](=O)OC(C)(C)C,-32.1812952119
CCC[C:1](=NC)CC,-35.8165603726
CC(C)CO[C:1](=O)C(C)C,-31.2601725865
CC[C+:1](c1ccccc1)C(C)C,3.512056122437558
CCC[C+:1](Cc1ccccc1)Cc2ccccc2,7.1868227187
CC=C[CH+:1]c1ccccc1,1.4556022902874517
CCN[C:1](=O)Cc1ccccc1,-33.7855823579
CCC[C:1](=[O+]CCC)CC,-1.7403152743
CCC(CC)[C:1](=O)c1ccccc1,-28.226381591
CC[C+:1](CC(C)C)c1ccccc1,3.0898685145
CC(C)[C:1](=O)OC(C)C,-31.5566301884
CC[O+]=[C:1](C)C(C)(C)C,-3.1655369344
CC(C)[C:1](=[N+](C)C)C(C)C,-12.8793149639
CC(C)C[C+:1](C(C)C)C(C)(C)C,1.5378764778
CC[C:1](=[N+](C)C)C,-12.8492585129
CCC[CH+:1]C=C(C)C,3.366022616861402
CCC(=[C:1](c1ccccc1)C(C)C)[N+](=O)[O-],-16.85038578997061
CC[C:1](=[O+]C(C)C)C,-2.6783413832
CC(=[CH2:1])C=O,-16.3476052454
CC[CH:1]=C(CC)[N+](=O)[O-],-13.0793411668
CCC[C+:1](c1ccccc1)C(CC)CC,1.6516379013
CCC[N+](=[CH:1]C(C)C)CCC,-11.563191082
CC[C:1](=CC=O)CC,-19.2589541448
CC[C:1](=C(C)[N+](=O)[O-])C,-16.216183187466683
C[O+]=[CH2:1],9.0741052745
CCC[C:1](=C(CC)[N+](=O)[O-])C(C)C,-17.9562752255
CC[C+:1](C)C,8.0474796055
CC[CH:1]=NC(C)C,-35.4346072949
CCC(C)[C+:1](CC(C)C)c1ccccc1,2.037136042
CC[C:1](=C(CC)C(=O)CC)CC,-24.4651966031
CC[C:1](=C(C)[N+](=O)[O-])C(C)C,-17.5453805689
CCN[CH:1]=O,-31.6778351746
c1ccc(cc1)[CH:1]=N,-32.1904966134
CC[C:1](=[NH2+])C,-10.3350237766
CC[C:1](=[OH+])CC,-0.2559926944
CC[C:1](=O)OCC,-30.6609493361
CC[C+:1](CC)C=Cc1ccccc1,1.2846407433
CCC[C+:1](CCC)Cc1ccccc1,7.1084811121
CC(C)N=[CH2:1],-31.4447213915
C[CH:1]=C(C)[N+](=O)[O-],-13.0350560231
CC[C:1](=O)N(CC)CC,-37.0525261058
CCC[C:1](=C(CC)C#N)c1ccccc1,-26.588088755
CCC(CC)[C:1](=O)OC,-31.545126360793894
C[C:1](=O)NCc1ccccc1,-34.02215429
CCC(CC)O[C:1](=O)CC(C)C,-32.0847729353
CC[C:1](=[N+](CC)CC)CC,-14.129328924957813
CCN=[CH:1]c1ccccc1,-34.5150044359
CCCO[CH:1]=O,-27.319517374591303
CC[C:1](=[NH2+])C(C)C,-10.6143295737
CC(C)(C)N=[CH2:1],-32.2017549058
CCC[C:1](=O)OC(C)C,-30.6902206709
CCCC(=C[C+:1](C)C)CC,-0.0023649709
CCCC(=[C:1](C)CC)[N+](=O)[O-],-16.2155555941
CCC[C+:1](CCC)C(C)(C)C,4.2388288316
CCN([CH:1]=O)C(C)C,-35.9121942206
CC[C:1](=O)N(C(C)C)C(C)C,-39.0386461058
CCCC(=C[C+:1](CC)CC)C,-0.4165323027
CC(C)N(C(C)C)[C:1](=O)C,-41.7768333564
CCC[C:1](=C(C(C)C)[N+](=O)[O-])C(C)C,-19.9942093303
CC[C:1](=[N+](C)C)c1ccccc1,-11.2922808757
CC(C)[C:1](=C[N+](=O)[O-])C,-15.507541993422073
CCC[C:1](=O)N(CC)CCC,-37.0383628183
CC[C+:1](CC(C)C)C(C)(C)C,3.5232163227
CCCC(=C[C+:1](C)C)C,-0.3173203158
CCC[N+](=[CH:1]C(C)(C)C)CCC,-10.2607089249
CC(C)C(=[C:1](C)c1ccccc1)C#N,-26.5573084322
CC[C+:1](C(C)C)C(C)C,4.2527830629
CCC[C:1](=N)C(C)C,-36.191291125
CCC[C+:1](Cc1ccccc1)CC(C)C,5.6081370261
CCC(C(C)C)[C:1](=O)C(C)(C)C,-32.9232916506
CCC[C:1](=C(CC)[N+](=O)[O-])c1ccccc1,-15.6700866201
CC[C:1](=O)CC,-28.2603307327
CC(C)C[C+:1](Cc1ccccc1)Cc2ccccc2,6.2116301186
CC(C)[C+:1](C(C)C)C(C)C,2.8491862658
CCC(=O)C=[CH:1]C,-20.1133235667
CCC[C:1](=C[N+](=O)[O-])C,-14.9790058116
CCC(C)[C+:1](c1ccccc1)C(C)(C)C,1.6413670454
CCN(CC)[C:1](=O)C(C)C,-39.1869323001
CCCO[C:1](=O)CC,-30.5699907652
CC[N+](=[CH:1]C(C)(C)C)CC,-10.552230246890785
CC(=O)C=[CH:1]c1ccccc1,-19.8093111876
C[CH:1]=[NH2+],-7.0301344837
CCC[O+]=[C:1](C)C(C)C,-1.9492939238
CC[C:1](=CC(=O)CC)CC,-22.5974507409
CN(C)[C:1](=O)c1ccccc1,-32.6249791854
CCC[C:1](=[NH2+])CCC,-11.4724952336
CCC(=[CH:1]c1ccccc1)[N+](=O)[O-],-12.7949604353
CCC[CH+:1]c1ccccc1,8.5865760037
C[CH:1]=[OH+],4.3763859221
CC[C+:1](Cc1ccccc1)c2ccccc2,5.4884044277
CCCC(=C[C+:1](C)CCC)CC,0.3419743641074522
CCC(=[CH2:1])C(=O)C,-18.99940421785162
CCC=C[C+:1](C)c1ccccc1,0.7698327135
CC[CH:1]=NC(C)(C)C,-36.2730371102
CCC[CH:1]=NC(C)(C)C,-36.58989888085232
CCCC=C[CH+:1]CCC,5.4438089213
CC=C[CH+:1]C,5.0400762218
CC(C)(C)[C:1](=O)C(C)(C)C,-31.4209367338
CCCC(=C[C+:1](C)CC)CC,-0.556250267
CC[C:1](=NC(C)C)C,-37.2724727737
CCC[C+:1](CCC)C=CCC,2.061073495
CC[C:1](=O)NCC,-34.9471964223
CCCC(=[C:1](c1ccccc1)C(C)C)[N+](=O)[O-],-16.8537950694
C[C:1](=O)C,-25.7668765018
CC[CH:1]=C(CC)C(=O)C,-21.25225934570384
CC[C:1](=O)OCC(C)C,-30.8053298751
CCC(C(C)C)[C:1](=O)C,-31.5074239705
CCC[C:1](=O)C(C)C,-29.0409006173
CO[C:1](=O)Cc1ccccc1,-28.8398140284
CC[C+:1](c1ccccc1)C(C)C,3.512056122437558
CC(C)(C)C[C+:1](c1ccccc1)C(C)(C)C,0.0572950667
CCC[N+](=[C:1](C)CC)CCC,-14.7012322635
CCC(C(C)C)[C:1](=O)CC,-34.633366748818716
CCC(C)[C:1](=O)OC(C)CC,-31.5982414314
CC(C)C[C:1](=O)OC,-30.5480170829
CCC[O+]=[CH:1]C(C)C,3.0855987485
C[C:1](=[NH2+])Cc1ccccc1,-9.0763525929
CCC[C:1](=O)N(C)C,-35.156293315
CCC[CH:1]=C(CC)C(=O)CC,-22.1746135232
C[C:1](=NC)C,-34.2356471643
CCC[CH:1]=N,-32.2643685452
CCCN(Cc1ccccc1)[CH:1]=O,-34.8396636647
CC[C:1](=C[N+](=O)[O-])C(C)C,-16.7216207434
CCC(C(C)C)[C:1](=O)CC,-34.633366748818716
CC[N+](=[CH2:1])CC,-6.8063797063
CCC[C:1](=C(C)C#N)C,-25.8330925441
CC[C:1](=C(C)C(=O)C)C,-23.311991258172995
CC(C)[O+]=[CH2:1],7.6724414822
CC(C)C[C:1](=O)C(C)(C)C,-30.8904026891
CCC[C:1](=[OH+])C(C)C,-0.6326000311820912
CCC(CC)[C+:1](c1ccccc1)c2ccccc2,-0.4451436355
CCCC(=[C:1](C)CC)C#N,-26.1409134523
CC[CH+:1]C=C,9.6227654383
CCC[O+]=[C:1](CC)CC,-2.6653797634
CCC[C:1](=C(CC)C(=O)CC)CC,-26.0741972744
CC(C)[CH:1]=O,-24.7799447934
CCC=C[CH+:1]c1ccccc1,2.0623498701
CCC[C+:1](CC)CCC,5.4979087915
CCC[C:1](=O)CC(C)(C)C,-30.2871626506
CCCC(=C[C+:1](C)CCC)C,-1.363859776
CCCC=C[C+:1](C)CCC,2.182185955010431
CCC[C:1](=O)N(C)CCC,-36.2161845641
CCCO[C:1](=O)Cc1ccccc1,-29.0343150272
c1ccc(cc1)[CH+:1]c2ccccc2,6.5599557506
C[C+:1](Cc1ccccc1)Cc2ccccc2,9.9389315305
CCCC(=[C:1](CC)CC)[N+](=O)[O-],-16.561773642468776
C[CH:1]=[O+]Cc1ccccc1,3.4780308621
CCC[C:1](=C[N+](=O)[O-])CCC,-14.9287495691
CC(C)(C)[CH:1]=N,-32.7492535488
CCC[C:1](=O)NCCC,-36.0963000382
CC[C:1](=[O+]CC)C(C)C,-2.0735326703
CC(C)[C+:1](c1ccccc1)C(C)(C)C,0.7400379707
CCCC(=[C:1](C(C)C)C(C)C)C#N,-27.65570142
CCN=[CH:1]C(C)C,-34.8378502806
CCC(=[CH:1]C)C(=O)CC,-22.0765165408
[CH2:1]=O,-20.1779979705
CCC[C+:1](C)C=C(C)CC,-0.2568795708
CC(C)(C)[C:1](=O)c1ccccc1,-25.9087756091
CCC(CC)[C:1](=O)OCC(C)C,-32.2028972223
CCC(C)[C:1](=O)C(C)(C)C,-31.3451671915
CCCC(=C[CH+:1]C)CC,3.0689007518
CCC[C:1](=C(CCC)[N+](=O)[O-])c1ccccc1,-18.0865220344
CCC[C:1](=C(CC)[N+](=O)[O-])CC,-16.42576064594007
CC(C)C[C:1](=O)OCC(C)C,-31.1707697511
CC(C)(C)[CH:1]=[NH2+],-7.6468779091
CCC[C+:1](C)Cc1ccccc1,8.1155802376
CCC[C:1](=[O+]C)CCC,-3.3037577906
C[C+:1](C)C,8.2243448202
CCC(=O)C(=[CH2:1])C,-20.3026695684
C[CH:1]=CC(=O)c1ccccc1,-17.9577389084
CC(C)[C:1](=O)C(C)(C)C,-32.0833036885
CCC[C:1](=C(C#N)C(C)C)C,-27.1505104334
CCC[C:1](=O)c1ccccc1,-26.3949979475
CCC[CH+:1]C=C(C)C,3.366022616861402
CCC[CH:1]=C(C)C=O,-18.2083616317
CCCN(C)[C:1](=O)C,-34.6446625922
CCC[C:1](=C(C)C(=O)C)CC,-24.1488104455
CC(C)[CH:1]=[OH+],4.358163269572856
C[CH:1]=C(C)C(=O)c1ccccc1,-19.5786077179
CCC[CH+:1]C=CCC,5.5064199633
CC(C)(C)C[CH:1]=O,-26.95925888947555
CC(C)C[C+:1](Cc1ccccc1)C(C)(C)C,4.0360286299
CCC[C:1](=C[N+](=O)[O-])CC,-14.7460786914
CC[C:1](=C(C)C#N)C,-25.7110348786
C[CH+:1]C=C(C)c1ccccc1,2.7428764818
CCC[O+]=[CH:1]CC,1.9985095722
CCC[C:1](=CC#N)C,-24.2372311237
CC[CH:1]=[O+]Cc1ccccc1,3.4625452128
CCO[C:1](=O)C(C)C,-31.56914428162577
C[CH:1]=C(C)C(=O)C,-21.573457529994194
CCC(CC)[C:1](=O)C(C)C,-31.3943677019
CCC[C:1](=C(CC)C=O)C,-22.884432201
CCC[N+](=[CH:1]CC(C)C)CCC,-12.473342880167989
CCC[CH:1]=CC(=O)c1ccccc1,-18.094197593
CC(C)[CH:1]=[N+](C)C,-10.0020577415
CCC(C)[C+:1](c1ccccc1)C(C)C,0.5787846205784352
CCC(=[C:1](C)c1ccccc1)C#N,-26.0594320516
C[O+]=[CH:1]c1ccccc1,1.1804440602
CCC[C:1](=[OH+])C(C)C,-0.6326000311820912
CCC[C+:1](C)C=Cc1ccccc1,1.0077099666
CCC(CC)[C+:1](c1ccccc1)C(CC)CC,-0.3338389433
C[CH+:1]C=C,9.3281745093
CCC(=[C:1](C(C)C)C(C)C)[N+](=O)[O-],-17.3912847056
CCC[CH:1]=CC(=O)C,-19.5102713516
CCC[CH:1]=C(C(C)C)[N+](=O)[O-],-14.3883287414
CC(C)[C:1](=O)N(C)C,-35.58441090469083
CC[CH:1]=C(C#N)C(C)C,-25.2420162646
CCC[C:1](=O)OC(CC)C(C)C,-31.2766948058
CCC[CH:1]=C(C)[N+](=O)[O-],-13.1991329924
CCC[C+:1](CCC)C=CC,2.0310077926
C[CH:1]=[O+]C(C)(C)C,2.4571954804
C[CH:1]=C(C)C(=O)C,-21.573457529994194
CCC[CH:1]=C(C)C(=O)CC,-22.0802723897
CC[C:1](=O)CC(C)(C)C,-30.2637561131
C[C:1](=O)C(C)(C)C,-28.4449547466
C[C:1](=[NH2+])c1ccccc1,-9.6946074375
CC(C)O[C:1](=O)c1ccccc1,-29.5601885171
CC(C)(C)[C+:1](c1ccccc1)c2ccccc2,4.2557325207
CC[CH+:1]C=CC,5.1170596976
CCC[C:1](=C(C#N)C(C)C)CCC,-27.7386393088
CC[C+:1](CC)C=CC,2.1421551681
CC[O+]=[CH:1]C(C)C,2.5463933755
[CH2:1]=N,-29.5445211857
CC(C)C[C:1](=O)CC(C)(C)C,-31.6943733388
CCC[C+:1](CCC)c1ccccc1,4.6405069164
CCC(CC)[C:1](=O)OC(CC)CC,-32.8923914845
CCC[C:1](=O)C(C)CC,-29.1081921454
CCC[C:1](=CC(=O)C)C,-21.7817649849
CC[C:1](=N)C(C)C,-36.0083332328
CCO[C:1](=O)C(C)C,-31.56914428162577
CC[C+:1](C)C=Cc1ccccc1,0.8228187592395332
CC[C+:1](Cc1ccccc1)CC(C)C,6.6928295126
CC[C:1](=[O+]C(C)(C)C)C,-3.521774282
C[C:1](=[OH+])c1ccccc1,-1.037944503046769
CC(C)[C:1](=O)OCc1ccccc1,-29.5734104816
CC[CH:1]=[O+]C(C)C,1.6585311384
CCC(C)[C:1](=O)C(CC)CC,-31.6969679279686
CCC(C)[C+:1](c1ccccc1)C(CC)CC,0.3314811681
CCC[C:1](=C(C)C(=O)CC)CC,-24.9167859564
c1ccc(cc1)C[C:1](=O)N,-32.0474915165
CCC[CH:1]=CC(=O)CC,-20.3540772267
CC(C)[N+](=[CH2:1])C(C)C,-9.7153177345
CC(C)[C:1](=O)NC,-36.8667502057
CCC(C(C)C)O[C:1](=O)C,-30.8332942747
CCC[C+:1](CCC)C=C,5.4126862923
[CH2:1]=[NH2+],-2.9325583256
CC[C:1](=C[N+](=O)[O-])c1ccccc1,-14.8560011861
CC[C+:1](CC(C)C)C(C)C,3.8008001317
CC(=[C:1](C)c1ccccc1)C#N,-25.3376273051
CC(C)[C:1](=[OH+])C(C)C,-1.8749475597
CC[C+:1](Cc1ccccc1)C(C)(C)C,7.0547169053
CC(C)[C+:1](Cc1ccccc1)Cc2ccccc2,7.9706451078
CCC[CH:1]=NC(C)(C)C,-36.58989888085232
[CH:1](=O)N,-30.9895411349
CCC[C:1](=CC=O)C,-20.34096012566239
CC[C+:1](CC(C)C)CC(C)C,3.3204039735
CCCC(=[C:1](C)C)C#N,-25.6176133452
CC[C:1](=[O+]C(C)C)CC,-2.5467121598
CC[C+:1](CC)C(C)(C)C,4.1819856383
C[C:1](=CC=O)C,-19.1299711776
CCC(=O)C=[CH2:1],-17.805417579553357
CCCC(=[CH:1]c1ccccc1)[N+](=O)[O-],-12.0698571074
CCCN[C:1](=O)Cc1ccccc1,-33.945807665
C[CH:1]=NC(C)(C)C,-35.1852843204
CC(=[CH:1]c1ccccc1)C(=O)C,-21.1470006769
CCC(=C[C+:1](C)CC)C,-0.1100386384
c1ccc(cc1)[CH:1]=[OH+],1.6437989577
CC[C:1](=[NH2+])Cc1ccccc1,-9.3633530911
CCC[C:1](=NCC)CC,-36.4454031322
CC[C:1](=C[N+](=O)[O-])CC,-14.3635201231
CCC[C+:1](CCC)C=C(C)C,-0.2326598502
CC[C:1](=[O+]C)C(C)C,-2.3294470973
CC(C)C[C+:1](C)C,6.8862245359
CC[N+](=[CH:1]C(C)(C)C)CC,-10.552230246890785
CC[CH:1]=CC(=O)CC,-20.0933384514
CC[C+:1](c1ccccc1)C(C)(C)C,3.8933106488
CC[C+:1](CC(C)(C)C)c1ccccc1,1.9278296387
CC[CH:1]=C(CC)C#N,-24.6913224935
CC(C)[C+:1](Cc1ccccc1)C(C)(C)C,4.0374292994
CCC[C+:1](CC)CC,6.7486365443
CCC(CC)[C:1](=O)OCC,-31.9469307741
C[C:1](=[N+](C)C)C(C)(C)C,-12.2827590557
CC(C)[C:1](=C(C)[N+](=O)[O-])c1ccccc1,-14.1326948297
CC[O+]=[CH:1]Cc1ccccc1,4.0544885446
CCC[C+:1](CC)CC(C)C,6.143163539
[CH2:1]=[O+]Cc1ccccc1,9.5080848852
CC[CH:1]=C(C)C#N,-24.3837365759
CC[C:1](=[OH+])C,-0.4498057596
CC[O+]=[CH:1]C,2.8562394734
CC(C)(C)[C:1](=O)Cc1ccccc1,-28.8614110186
CCC(=C[CH+:1]C)CC,2.726535877
CCC[C:1](=NCC)C(C)C,-38.6882212303
CCCN=[C:1](CC)CC,-37.119960634
CCC[C:1](=[O+]CC)CCC,-2.3033100717
CCC[C+:1](C)C=C(C)C,-0.391863011
CCC[C+:1](CC(C)C)C(C)C,3.9626174433553865
CC(C)(C)C[C+:1](Cc1ccccc1)c2ccccc2,2.7358358413
CC[O+]=[C:1](C)c1ccccc1,-2.7582086974
CC[C:1](=O)OCC(C)(C)C,-30.6357675499
CC(C)(C)[C+:1](Cc1ccccc1)C(C)(C)C,5.065302234
CCC[C:1](=C(CC)C(=O)C)C,-24.1306341027
CCC(=[C:1](C)C)C=O,-21.2049136118
CCC(=C[CH+:1]C)C,3.0921381406
CCC(=[CH2:1])C=O,-15.996209401336666
CCC(CC)[C+:1](CC(C)(C)C)c1ccccc1,-0.4574625872
C[C:1](=O)OCC(C)(C)C,-30.2863354888
CC[C+:1](C(C)(C)C)C(C)(C)C,3.9678085883
CCC[CH:1]=NC,-34.1696844295
CC(C)C[C+:1](c1ccccc1)c2ccccc2,2.3196787621
CCC[N+](=[CH2:1])CCC,-7.9885437536
CCC(=[CH:1]C)C(=O)C,-21.4530310254
c1ccc(cc1)[C:1](=O)c2ccccc2,-25.9636270013
CC=C[C+:1](C)c1ccccc1,0.6415017758
CC[C:1](=CC#N)CC,-24.2930240585
C[CH:1]=C(C)C#N,-22.538946956462603
CCC(=[C:1](C)C)[N+](=O)[O-],-15.3025650372
CCC[CH:1]=CC=O,-17.2540210892
CC(C)[CH:1]=[NH2+],-7.3781692615
CCC[C:1](=CC#N)CCC,-24.0902441148
CCC(C(C)C)[C+:1](c1ccccc1)C(C)C,0.4322990493
CC(C)[C+:1](C)C,7.0597105768
CC(C)C[CH+:1]c1ccccc1,8.8798946509
CCCC=C[C+:1](C)C,2.2264443732
CCCO[C:1](=O)CC(C)(C)C,-31.3782000122
CC(C)(C)[C+:1](Cc1ccccc1)Cc2ccccc2,7.4379307032
CC(C)C[C:1](=O)CC(C)C,-32.9545046868
CCC(C(C)C)[C:1](=O)c1ccccc1,-28.4987563056
CCC[C:1](=C(C)C#N)c1ccccc1,-26.931773799925466
CN=[CH:1]Cc1ccccc1,-32.3811666166
CCC[C:1](=O)C(CC)C(C)C,-33.8904882327
CCO[CH:1]=O,-26.2308070114
CC(C)N[CH:1]=O,-32.7689031358
CCCC=C[C+:1](C)CC,1.9978755752
CC[C:1](=C(C)C(=O)C)CC,-23.9998472479
C[C+:1](C=C)c1ccccc1,3.0232704104823194
CC(C)[C:1](=O)C,-27.6490188786
CC[CH:1]=C(C(C)C)[N+](=O)[O-],-13.0487176481
CCC(C)[C:1](=O)c1ccccc1,-27.1702995527
CCC[C+:1](C)C(C)(C)C,5.6429633026
CCC(=[C:1](C)C)C#N,-26.0552888253
CC(C)O[CH:1]=O,-26.859197718229463
CC[CH:1]=[O+]CC,2.0323458108279175
CC[C+:1](C=CC)c1ccccc1,1.781087913505409
[CH2:1]=CC#N,-19.5438138412
C[CH:1]=C(C#N)C(C)C,-24.879027611972425
CC(C)C[C+:1](CC(C)C)C(C)C,4.4389753342
CCCN(CCC)[C:1](=O)C,-35.44033548227331
[CH2+:1]c1ccccc1,13.3326457338
CN=[CH:1]c1ccccc1,-33.56547015
C[C:1](=CC=O)c1ccccc1,-19.6755221554
CCC[C:1](=[N+](C)C)CC(C)C,-14.5576784468
CC[C+:1](CC)C=C,4.7330266286
CC[CH:1]=CC=O,-17.1621298975
CCC[C+:1](C=CC)c1ccccc1,0.5903655448
CC[C:1](=C(C#N)C(C)C)C(C)C,-29.0967738036
CC[CH+:1]C=C(CC)CC,3.1743910085
CCC[C+:1](CC(C)C)c1ccccc1,3.8160029105
CCC[C:1](=[OH+])CC,-0.2483904176
CC(C)C[C+:1](c1ccccc1)C(C)C,3.2517281949628907
CCC[C+:1](CC)C=C(C)CC,-1.0196861202
CC(C)C[C+:1](C)c1ccccc1,3.7856119456
CCN=[CH2:1],-31.2443292467
CC[C+:1](CC)CC(C)C,6.6797589743
CC[CH:1]=NCC,-34.1745654555
CC(C)[C:1](=C(C)[N+](=O)[O-])C,-15.9817577199
CCC(C)[C:1](=O)C(CC)CC,-31.6969679279686
c1ccc(cc1)[C:1](=O)N,-31.9859660821
C[CH:1]=CC(=O)C,-19.3437321522
CC[N+](=[C:1](C)C)CC,-13.9575689847
CCC(CC)[C:1](=O)C(CC)C(C)C,-34.5468809391
CCC[CH:1]=CC#N,-22.2226643616
CC[C:1](=C(CC)[N+](=O)[O-])CC,-16.0708750002
CCC[C:1](=CC#N)CC,-24.3916612305
CCC[C:1](=NCCC)CC,-36.6964514894
CCC[C:1](=[OH+])CCC,-0.485080962
CCC(=[CH:1]C(C)C)[N+](=O)[O-],-13.4696642812
CCC[C+:1](c1ccccc1)C(CC)C(C)C,2.45460031
CCN(C)[CH:1]=O,-32.7097818933
CC(C)[C:1](=O)Cc1ccccc1,-27.751548978
CCC[CH:1]=C(CC)C#N,-24.7786646096
CCC[C+:1](c1ccccc1)C(C)CC,3.2605575633
CCC[N+](=[CH:1]C)CCC,-11.0215372714
CCC(C(C)C)[C+:1](CC(C)C)c1ccccc1,-2.1999609436
CCCN=[C:1](C)C(C)C,-37.8385635617
CC[C+:1](C)CC,7.5189391057
CC[C:1](=O)N(C)C,-35.1907093869
CCC(=C[C+:1](C)C)C,-0.2090958382
CCC[C:1](=[N+](CC)CC)C,-14.072275840224211
C[CH+:1]C=C(C)C,2.7623891175966473
CCC[C:1](=O)C(C)(C)C,-30.2212961151
CCCC=C[C+:1](CC)CCC,2.1911104421
CCC(C)[C+:1](c1ccccc1)C(C)CC,0.8887129424
[CH2:1]=CC=O,-14.8235677371
CCN(C)[C:1](=O)Cc1ccccc1,-33.7190694807
CC[C:1](=C(C)C(=O)CC)CC,-25.0770369896
CCC[C:1](=N)CC,-35.7311235606
CC[CH:1]=[O+]C(C)(C)C,1.1667470719
CC[C:1](=O)OC,-29.5724305443
CC(=[CH2:1])[N+](=O)[O-],-10.8559939204
CCC(=[CH2:1])C=O,-15.996209401336666
CC[C:1](=[N+](CC)CC)C,-14.10373299
CCC(CC)[C:1](=O)C,-29.4672177041
CC[CH+:1]C=C(C)C,3.447736564
CC[N+](=[CH:1]c1ccccc1)CC,-9.9025998139
CCC[C:1](=O)N(CCC)CCC,-37.5596019413
CCC(C)O[C:1](=O)c1ccccc1,-30.3267233864
CCC[O+]=[C:1](C)CC,-2.1743870529
CC[C:1](=O)c1ccccc1,-26.4495848932
CC(C)[C:1](=C(C(C)C)[N+](=O)[O-])c1ccccc1,-17.9793962501
CC[O+]=[CH:1]c1ccccc1,0.4719367575
CC[C+:1](CC)Cc1ccccc1,8.2070693042
CCC[C:1](=C(C)[N+](=O)[O-])C(C)C,-16.4053118962
c1ccc(cc1)C[C+:1](Cc2ccccc2)c3ccccc3,6.108345666
CC(=C[C+:1](C)C)C,-0.3541848563
CC(=[CH2:1])C#N,-22.1837480011
C[C:1](=[OH+])Cc1ccccc1,1.209057382
CCC(C(C)C)[C:1](=O)OCC,-34.2041104037
CO[C:1](=O)c1ccccc1,-28.2274666127
CCC[C+:1](C)CC(C)C,5.9719349373
CCC(=O)C(=[CH:1]C)C,-22.1421133139
CC[CH:1]=C(C)C=O,-17.2442558426
CCC(CC)[C:1](=O)CC(C)(C)C,-33.0837202866
CC(C)(C)C[C+:1](CC(C)(C)C)c1ccccc1,1.8423985285
CC(C)[C:1](=O)NC(C)C,-36.9726324288
CC(C)C[C+:1](Cc1ccccc1)CC(C)C,5.5077620816
CCC[C:1](=C(CC)C(=O)C)CC,-23.91163330344447
CC[C:1](=C(CC)C#N)CC,-26.0033834457
CCC[C+:1](CC)c1ccccc1,3.9454391223
C[N+](=[CH:1]Cc1ccccc1)C,-8.227650023
CC(C)C(=[C:1](C)C)[N+](=O)[O-],-15.6325854119
CCC[C:1](=NCC)CCC,-36.3064894884
CC[CH:1]=[OH+],3.8527747366
CCC[C+:1](CC)C=C(CC)CC,-1.2349551136
CCC[C+:1](C)C=C(CC)CC,0.2097629297
CC[C:1](=C(CC)[N+](=O)[O-])C,-15.8004591601
CC[CH:1]=NC,-34.1170271899
CC(C)N(C)[CH:1]=O,-35.6779935819
CCC(CC)[C:1](=O)Cc1ccccc1,-29.2778872952
CCC[C:1](=C(CCC)[N+](=O)[O-])CC,-16.025003468
CCC[O+]=[C:1](CC)C(C)C,-2.3149298943
CCCC=C[CH+:1]C,5.1683998294
CCC[C:1](=O)CCC,-28.2035331121
CC[C:1](=O)OC(C)C,-30.9810710705
CC(C)C[C:1](=[N+](C)C)C,-13.8758444237
CCCC(=C[C+:1](CCC)CCC)C,-0.8929269079
CC[C:1](=NCC)C,-36.428314017
C[C:1](=[OH+])c1ccccc1,-1.037944503046769
C[CH:1]=[O+]C,3.2913970006
CC(=[CH:1]c1ccccc1)C=O,-18.4891307005
CCCN=[CH:1]C(C)C,-35.1654518793
CCC(=[CH:1]C)[N+](=O)[O-],-12.9567821459
CCC=C[C+:1](C)C,2.2663538466
CC[C+:1](C)C(C)(C)C,5.6796702671
CC[C:1](=C(C(C)C)[N+](=O)[O-])C,-17.0941353134
CCC=C[C+:1](CC)CC,2.3779218642
CCC(=[C:1](c1ccccc1)C(C)C)C#N,-28.3206937729
CCC[C+:1](CC)C(C)(C)C,5.5834987735
CCC[C:1](=C[N+](=O)[O-])c1ccccc1,-15.9186273012
CCC[C+:1](CC)C=C,4.4899951475
CC(C)C[C+:1](c1ccccc1)C(C)(C)C,2.1914987096
CC[C:1](=CC#N)C,-24.1195906725
CC(C)[C:1](=O)c1ccccc1,-26.8084978908
c1ccc(cc1)[CH:1]=[NH2+],-7.5743005341
CCC[CH:1]=NC(C)C,-35.6183403363
CCC(=O)C=[C:1](C)C,-22.0231853854
CCC(C)[C:1](=O)CC(C)(C)C,-31.161669182381292
CC(C)C(=[C:1](C)c1ccccc1)[N+](=O)[O-],-15.879538568752231
CC(C)[C+:1](C)c1ccccc1,4.4487487026
CCC(C)[C+:1](c1ccccc1)c2ccccc2,1.655823745
CN[C:1](=O)Cc1ccccc1,-33.807868203401
CCC(=[C:1](C(C)C)C(C)C)C#N,-27.6452719093
CC(C)(C)[C:1](=O)OC,-31.054076429
CC[C:1](=C(CC)[N+](=O)[O-])c1ccccc1,-16.0383793941
CCC(C)[C:1](=O)C(CC)C(C)C,-31.9427616923
CC(C)[C:1](=[O+]C)C,-1.8257120888
CCC[C:1](=O)NC(C)C,-37.1407303188
CCC[C:1](=O)OC,-29.8397354602
CCC(CC)[C:1](=O)OC(C)C,-32.7459967397
CC[CH:1]=C[N+](=O)[O-],-12.086786855
C[C:1](=[OH+])C(C)(C)C,-0.9839675697
CCC[C:1](=NC)C,-35.8606693445
C[C:1](=O)OCc1ccccc1,-28.3624023195
CCC(=O)C(=[C:1](C)C)C,-24.3659252566
CC[C:1](=[NH2+])C(C)(C)C,-11.7445026542
CC(C)[C:1](=C(C(C)C)[N+](=O)[O-])C,-18.372722156
CCC(CC)[CH+:1]c1ccccc1,8.3443706701
C[CH:1]=CC=O,-16.2256242564
CC(C)[C:1](=O)CC(C)(C)C,-30.4750345855
CCC[C+:1](Cc1ccccc1)C(C)(C)C,6.1101039161
CCC(=[CH:1]c1ccccc1)C=O,-18.8293779867
CC(C)C[C+:1](Cc1ccccc1)c2ccccc2,3.8493313859
CCC(C(C)C)[C:1](=O)Cc1ccccc1,-31.0745068107
CCC(C)[C+:1](c1ccccc1)C(C)C,0.5787846205784352
CC(C)C[C+:1](C)C(C)C,5.6820039265
CCC(=[C:1](c1ccccc1)C(C)C)[N+](=O)[O-],-16.85038578997061
CCC[C:1](=[N+](CCC)CCC)C,-14.8324863217
c1ccc(cc1)C[CH:1]=O,-23.1223777271
CC(C)[C:1](=[OH+])C,-0.3748584969
CCC(CC)O[C:1](=O)C,-30.5157070297
CCC[C:1](=O)OCC,-30.647926393
CCC[C:1](=C(CCC)[N+](=O)[O-])CCC,-16.2045227423
CCC[CH:1]=[OH+],3.5695698989
CCO[C:1](=O)Cc1ccccc1,-29.191568624
c1ccc(cc1)[CH:1]=C[N+](=O)[O-],-12.7655725757
CC(C)C(=[C:1](C(C)C)C(C)C)C#N,-31.8849476723
CCCN=[C:1](C)C,-35.4504118091
CCC=C[CH+:1]C,6.5196669736
CCC[C+:1](CC)C=CCC,2.257909559
CCC[C:1](=[NH2+])CC(C)C,-11.1189451341
CCC[C:1](=[NH2+])C(C)(C)C,-10.7092478575
CCN[C:1](=O)C,-34.3975369591
CC[C:1](=C(C(C)C)[N+](=O)[O-])C(C)C,-19.7740359964
CCCN(C)[C:1](=O)C(C)C,-36.2350680337
CCC[N+](=[C:1](CC)CC)CCC,-14.7950689089
CC[N+](=[CH:1]CC(C)C)CC,-11.0692983374
CC[C:1](=C(C)C#N)CC,-25.4068190636
CCC[C+:1](CCC)C(C)C,6.6468264657
CC(C)[C:1](=O)N(C)C,-35.58441090469083
CCC[CH:1]=[NH2+],-8.1754481296
CC(C)C[CH:1]=[NH2+],-7.1874987851
CCCO[C:1](=O)C,-29.1646507023
CC=C[CH+:1]c1ccccc1,1.4556022902874517
CN(C)[C:1](=O)Cc1ccccc1,-33.344038884612274
CC(C)[C:1](=CC#N)c1ccccc1,-23.987157109
CCC[C:1](=C(C)C(=O)C)C,-22.9082552421
CC(C)(C)CO[CH:1]=O,-27.4318088599
CC(C)(C)[C+:1](Cc1ccccc1)c2ccccc2,3.9542737594
CC[C:1](=CC=O)C,-19.4489975824
C[CH:1]=C(C(C)C)[N+](=O)[O-],-13.1667122683
CC[O+]=[CH2:1],8.5775069704
C[CH:1]=[N+](C(C)C)C(C)C,-12.810246526072564
CC(C)C[C+:1](C(C)C)C(C)C,3.4861550504401846
CCC(=[C:1](CC)C(C)C)C#N,-27.2138349239
CCC[CH:1]=[O+]CCC,2.838074774900347
CC[C:1](=C(C(C)C)[N+](=O)[O-])c1ccccc1,-16.2625854018
CC(C)[CH:1]=C[N+](=O)[O-],-12.2887342027
CC(C)N(C)[C:1](=O)C,-36.8531854251
CCO[C:1](=O)C(C)(C)C,-31.3812656709
CC[N+](=[CH:1]C)CC,-10.8037882436
CCC[C:1](=[O+]CCC)CCC,-1.8919482257
CC[CH:1]=N,-32.3005536428
CC[C:1](=C(CC)C=O)CC,-21.3791535551
CCC(=[CH2:1])C(=O)C,-18.99940421785162
CC(C)C[CH:1]=[N+](C)C,-9.777863053
CCC(=[C:1](C)c1ccccc1)[N+](=O)[O-],-14.4790007457
CC[C:1](=O)C(C)(C)C,-30.3082290408
CC[C:1](=O)N(C)CC,-35.1272837841
CCCC(=C[C+:1](CC)CC)CC,0.3384031287
CC(C)(C)[CH+:1]c1ccccc1,8.1756730083
C[C:1](=O)NC,-34.524534413
CC[C:1](=CC=O)c1ccccc1,-19.7877822112
CCC(=[C:1](CC)c1ccccc1)C#N,-26.5838426191
CCC[C+:1](CCC)CCC,7.3793548479
CC(C)[C:1](=C(C(C)C)[N+](=O)[O-])C(C)C,-21.2957164153
C[CH:1]=O,-23.8234128141
CC[C:1](=[N+](CC)CC)CC(C)C,-15.6283068537
CC(C)[C:1](=O)OCC(C)(C)C,-31.6882867547
CCC[C+:1](C)C=C,5.5071926531
CCCN(CC)[C:1](=O)C,-35.4226248462
CCC[C:1](=NC(C)C)C,-35.419686302
CCCO[C:1](=O)C(C)C,-30.9758753152
CC(C)[CH:1]=C(C(C)C)[N+](=O)[O-],-13.3015010958
CC(C)C[C+:1](c1ccccc1)C(C)C,3.2517281949628907
CCCC(=[C:1](CC)C(C)C)C#N,-27.952053898
CC(C)C[C+:1](CC(C)(C)C)c1ccccc1,1.6814184936
CC(C)C[C+:1](C)C(C)(C)C,4.6099086983
CCC[CH+:1]C=C(C)CC,3.3210307193
CC[C+:1](c1ccccc1)c2ccccc2,3.2324412896
C[C+:1](C)c1ccccc1,4.9245504802
[CH2:1]=C[N+](=O)[O-],-9.6407435467
CC[C:1](=C(CC)C#N)C,-25.902311995
C[C:1](=O)N(C)Cc1ccccc1,-37.04022467755303
CC(C)N([CH:1]=O)C(C)C,-37.9260028743
CC[C:1](=O)Cc1ccccc1,-27.2292898017
CC(C)[C+:1](C(C)(C)C)C(C)(C)C,3.3477340775
CC(C)N(Cc1ccccc1)[CH:1]=O,-34.0540472311
CCC[CH:1]=NCCC,-34.2270172421
CC(C)C[C+:1](CC(C)C)C(C)(C)C,3.7618182674
CC(C)[C+:1](C)Cc1ccccc1,8.4474657808
CCC(C(C)C)O[CH:1]=O,-28.3355790588
C[C:1](=[N+](C)C)c1ccccc1,-11.1328710167
CCC(=[CH2:1])C(=O)CC,-19.148581006219597
c1ccc(cc1)CN[CH:1]=O,-32.9993750377
CC(C)[N+](=[C:1](C)C)C(C)C,-18.8568848541
CCCC=C[CH+:1]CC,5.5211337736
CCC(=C[C+:1](CC)CC)CC,-0.2732965789
CC(C)[C:1](=C[N+](=O)[O-])C(C)C,-16.9571917816
CCC(=[C:1](C)C)C(=O)C,-23.9384777472
CCC[C:1](=[O+]CC)C(C)C,-2.5825801589
CCN=[C:1](C)C,-34.3303354044
CCC[C:1](=[N+](CCC)CCC)CC,-15.2434072199
CC(C)C(=[C:1](c1ccccc1)C(C)C)C#N,-28.1270222459
CCC[C:1](=O)Cc1ccccc1,-27.395925992935066
CCCC(=[C:1](CC)C(C)C)[N+](=O)[O-],-16.3718730318
CC[CH:1]=[O+]CC,2.0323458108279175
C[C:1](=C[N+](=O)[O-])c1ccccc1,-15.0161791373
C[CH+:1]C=C(C)C,2.7623891175966473
C[C:1](=O)N(C)C,-33.7978704141
CC(C)[C+:1](C(C)C)C(C)(C)C,4.2183296697
CC(C)[C:1](=O)N(C)C(C)C,-39.123544582
CCC[CH+:1]C=Cc1ccccc1,3.6775041477
CCC[C:1](=[N+](CC)CC)C,-14.072275840224211
CCCC(=[CH:1]C)[N+](=O)[O-],-12.949681709
CCCC=C[CH+:1]c1ccccc1,2.0135651844
CCC(C(C)C)[C:1](=O)CC(C)C,-33.7931658923
CC[C:1](=[N+](C)C)C(C)C,-12.6265754548
CCC[C:1](=C(C)[N+](=O)[O-])CC,-15.2852580004
CCC[CH:1]=O,-24.7341969106
CC(C)[CH+:1]c1ccccc1,8.2590988402
CCCC(=[CH:1]c1ccccc1)C#N,-24.6427950425
CCC[C:1](=O)OCc1ccccc1,-28.5856260489
CCC[C:1](=C(CC)C#N)C(C)C,-28.7267396541
CC[N+](=[CH:1]C(C)C)CC,-12.0906992009
CCC(=C[C+:1](C)C)CC,-0.6335806888
CC(C)C[C+:1](C(C)(C)C)C(C)(C)C,3.8363670447
CC(C)C[C+:1](CC(C)C)c1ccccc1,3.7191406322
CC(C)[C+:1](Cc1ccccc1)c2ccccc2,3.8885830182
CC(C)[C+:1](CC(C)(C)C)c1ccccc1,1.3001273898
CCC[CH:1]=C(CC)C(=O)C,-21.8836819199
CCC[C+:1](CCC)C=C(C)CC,-0.5054160066
C[C:1](=O)N,-32.9486119802
CCC[CH:1]=[N+](C)C,-9.7852989053
CC(C)(C)[CH:1]=[N+](C)C,-9.2280461265
CCC(C)O[C:1](=O)C(CC)CC,-32.8398717656
CCC[C:1](=[O+]C)C,-1.7072011654
C[CH:1]=[N+](C(C)C)C(C)C,-12.810246526072564
CC[C:1](=N)C,-34.633440066
CCC[C+:1](C)C(C)C,6.0576580032
c1ccc(cc1)CO[CH:1]=O,-26.4049669624
CCC[C:1](=[O+]C(C)C)C,-2.6426972753
CCO[C:1](=O)c1ccccc1,-29.7364175965
CCCN(CC)[CH:1]=O,-33.4031589553
CC(C)(C)O[CH:1]=O,-29.1025777511
CCC[C:1](=O)N(CC)C(C)C,-38.4912957958
CCC(=O)C=[CH:1]c1ccccc1,-20.6822077324
CCC(=[CH2:1])C#N,-22.4176249408
CC[C:1](=O)NC,-35.9480152215
CCCN=[CH:1]CC,-33.9861375749
CCC(=[CH:1]C)C=O,-18.9973059899
CC(C)[C+:1](C)C(C)C,5.0239336525
CCC[CH:1]=[O+]C(C)C,0.7882920518633335
CC[C:1](=O)NCc1ccccc1,-37.9260028743
CC[C:1](=[N+](C)C)CC(C)C,-14.230742563974646
CCC[CH:1]=C(CCC)[N+](=O)[O-],-13.1725259574
CC[C:1](=[O+]CC)C,-1.8467439242
C=C[CH+:1]c1ccccc1,4.6205443692
CC[C:1](=C(C)C(=O)C)C,-23.311991258172995
c1ccc(cc1)C[CH:1]=N,-31.6362188241
CCC[C+:1](C)c1ccccc1,4.059338168
C[C:1](=[O+]C)Cc1ccccc1,-0.1070925977
CCC(=[C:1](C)C(C)C)[N+](=O)[O-],-16.5837265641
CC[C+:1](Cc1ccccc1)Cc2ccccc2,8.3904630424
C[C+:1](C)C=Cc1ccccc1,0.9984797853
CC[CH:1]=[NH2+],-6.9024960998
CCC[C:1](=C(C)C(=O)CC)C,-24.9484330413
CCC[C:1](=NCCC)C,-36.3191099655
CCC(C)O[CH:1]=O,-26.7498642111
CCC([CH:1]=O)C(C)C,-26.41998247
C[CH:1]=[O+]C(C)C,2.0410833709
CC(C)O[C:1](=O)C,-30.0512105848
CCC[N+](=[CH:1]CC)CCC,-10.8278952594
CC(=[CH:1]c1ccccc1)[N+](=O)[O-],-12.6859931182
CC(C)(C)C[CH:1]=O,-26.95925888947555
CC(C)[C:1](=O)N,-33.7418868528
CC(C)[C:1](=C(C)C#N)C(C)C,-29.6039864782
CCC=C[C+:1](C)CC,2.0048052491
CCC[C:1](=[NH2+])C(C)C,-10.9706700929
CC(C)[CH:1]=N,-33.4172127468
CC(C)C(=[C:1](C)c1ccccc1)[N+](=O)[O-],-15.879538568752231
CCCN(C)[CH:1]=O,-32.4142535881
C[C:1](=C(C)[N+](=O)[O-])C,-15.1462464642
CCC[C+:1](CC(C)C)CC(C)C,4.6876722307
CCC[C+:1](Cc1ccccc1)C(C)C,7.1987905522
CC[C:1](=[OH+])C(C)(C)C,-2.5119463417
CC[C:1](=[N+](C)C)C(C)(C)C,-14.1777309403
CCC[O+]=[CH:1]c1ccccc1,0.4858981979
C[CH:1]=CC#N,-22.0001986251
CC[C:1](=C(C)C(=O)CC)C,-24.5121468157
CCC[C:1](=CC(=O)C)CC,-22.0048377811
C[C:1](=C[N+](=O)[O-])C,-14.3871286203
CC[C:1](=C(C)C=O)c1ccccc1,-20.4742323517
CC(C)CO[CH:1]=O,-27.3980817048
CCC[C:1](=NCC)C,-36.3509594017
CCC[C:1](=[O+]CCC)C,-2.1196891886
CC(C)O[C:1](=O)CC(C)(C)C,-32.515680746
CC(C)[C+:1](C)C(C)(C)C,4.5309366892
CCC[C:1](=[N+](C)C)CCC,-16.1379153646
CCCC(=[CH:1]CC)[N+](=O)[O-],-13.1005171432
C[C:1](=O)Cc1ccccc1,-26.2265377751
C[C:1](=O)c1ccccc1,-26.1170430723
CC(C)O[C:1](=O)C(C)(C)C,-31.9222789233
CC(C)[C+:1](c1ccccc1)c2ccccc2,2.931017886
CC[C:1](=O)N,-32.8348391755
CC[C:1](=[O+]C)C,-1.7756890396
CCC[C:1](=C[N+](=O)[O-])C(C)C,-17.1502339712
CCC(C)[C:1](=O)OCC,-31.2721890295
CCC(C)[C:1](=O)CC(C)(C)C,-31.161669182381292
CCC[C:1](=[O+]CC)CC,-1.8091222557
CCC(C)O[C:1](=O)C(C)(C)C,-31.9263717258
CC[C:1](=[N+](C)C)CC,-13.569458302928378
CCC(CC)[C+:1](c1ccccc1)C(C)C,0.5341710324496162
CC[C:1](=[N+](CC)CC)C(C)C,-17.1088821291
CCC(CC)[C:1](=O)CC,-28.98290247984051
CCO[C:1](=O)CC(C)(C)C,-31.5137173034
CCC[C:1](=C(C)C=O)C,-20.807614965156468
CC(C)[C:1](=C(C#N)C(C)C)C,-27.6418665672
CC[C:1](=[NH2+])c1ccccc1,-10.5833007381
C[CH:1]=C[N+](=O)[O-],-12.0178471279
CC(C)C[C:1](=O)C,-28.8687542551
CCCN(C(C)C)[C:1](=O)C,-37.6615071149
CCC(CC)[C+:1](C)c1ccccc1,1.9653653692529929
CC(C)[C:1](=[N+](C)C)C,-12.8417077303
CCCC(=[C:1](CCC)c1ccccc1)C#N,-26.4495006386
CCC[C:1](=C(CC)C=O)CC,-21.6321561387
CC[C:1](=O)C(C)C,-28.6567668952
CC[C+:1](C=C)c1ccccc1,3.5097382373574955
CCC(CC)[C+:1](c1ccccc1)C(CC)C(C)C,-1.6533557577
C[C:1](=N)C,-34.0988180586
CCN(CC)[C:1](=O)C,-36.2828399288
CC[C:1](=[O+]C)C(C)(C)C,-2.4263621658
CCC[C:1](=[O+]C(C)C)CC,-2.5867390991
CC(C)(C)C[CH+:1]c1ccccc1,7.7572672483
CC[C:1](=NCC)C(C)C,-38.0636914993
CCC[CH:1]=[O+]Cc1ccccc1,3.32664708
CO[CH:1]=O,-26.7466776781
CCN(CC)[CH:1]=O,-34.7500050089
CCC(CC)O[CH:1]=O,-26.9893424596
CCC(C)[C:1](=O)CC(C)C,-30.3751298335
CC[C:1](=C(C)[N+](=O)[O-])C,-16.216183187466683
CC[CH+:1]C=C(C)CC,3.15273174
CCCN(C(C)C)[C:1](=O)CC,-37.9290596111
CCCO[C:1](=O)C(C)CC,-31.0791603876
CC[C:1](=O)N(C)Cc1ccccc1,-34.8016728935
CCC[CH+:1]C=C(CC)CCC,3.5345113645
CC(=O)C=[CH2:1],-17.2283422409
CCC(C)[CH:1]=O,-24.5153667514
CCC[C:1](=C(C)C#N)c1ccccc1,-26.931773799925466
CC[C:1](=[N+](C)C)CC(C)C,-14.230742563974646
CCC(C)[C+:1](c1ccccc1)C(CC)C(C)C,-1.4783396849
CC(C)[CH:1]=C(C)[N+](=O)[O-],-13.1441561537
CC(C)C(=[CH:1]c1ccccc1)C#N,-24.8447427705
CC[C:1](=C(C)[N+](=O)[O-])CC,-15.0068217571
CCC[C:1](=O)C(CC)CC,-30.0457856676
CCC[C:1](=C(C)C=O)C,-20.807614965156468
CCC[C:1](=C(C(C)C)[N+](=O)[O-])CC,-17.4383161021
CC(C)C[C+:1](CC(C)C)CC(C)C,5.1082455072
CC(C)C[C+:1](C)Cc1ccccc1,7.3711657496
CCC[C+:1](CC)C(C)C,6.1234413743
CC(C)C[C:1](=[NH2+])C,-11.1220063698
CC(C)C[C:1](=O)C(C)C,-30.35076553971022
CC(C)[C:1](=C(C)[N+](=O)[O-])C(C)C,-16.7306503792
CCC[C+:1](c1ccccc1)C(C)(C)C,3.6940713903
CCC(CC)[C+:1](c1ccccc1)C(C)C,0.5341710324496162
CC[C:1](=NC)CC,-35.7784611196
CCC(C)[C:1](=O)OCC(C)C,-31.2845494859
CC(C)[C:1](=O)C(C)C,-29.9531425624
C[CH+:1]C=Cc1ccccc1,3.3855835726
CCC[CH:1]=C(CC)C=O,-19.2558949571
CCC[C+:1](C)C,6.5891139665
CCC[C:1](=[N+](C)C)CC,-14.8410063562
CC[CH:1]=C(CC)C(=O)C,-21.25225934570384
CC(=[CH2:1])C(=O)C,-19.64971568
CCC[C+:1](CC)C=CC,2.3444308097
CCCC(=[C:1](C)c1ccccc1)C#N,-26.2041971311
C[CH:1]=C(C)C=O,-17.9267208343
CC[C+:1](CC)CC,5.6161613027
CCC[C:1](=CC(=O)CC)C,-22.6503367256
CC(C)[C:1](=[O+]C)C(C)C,-3.2582618067
CCN[C:1](=O)c1ccccc1,-32.9529994343
CCC[C:1](=O)N(CC)CC,-35.7833164421
C[CH:1]=NC,-33.299741588
CCC[CH+:1]C=C(CC)CC,3.3939156203
CCC[CH:1]=[N+](CCC)CCC,-13.1037310559
CC(C)C[C+:1](C)CC(C)C,5.7748167692
CCC(CC)[C+:1](CC(C)C)c1ccccc1,1.4277716615
CCC(=O)C=[CH2:1],-17.805417579553357
CC(C)[C:1](=C[N+](=O)[O-])c1ccccc1,-13.374238016
CCC=C[CH+:1]CC,5.3185587363
CC[CH+:1]C=Cc1ccccc1,3.7430680647
CC[CH:1]=NCc1ccccc1,-32.556385652
CCC[C:1](=O)Cc1ccccc1,-27.395925992935066
CC(C)[C:1](=NC)C,-37.0437418276
CCCN(C)[C:1](=O)c1ccccc1,-34.0997887586
CC(=[C:1](C)c1ccccc1)C=O,-20.0305630273
CCCC(=[CH:1]C)C#N,-24.6296687701
[CH2:1]=[OH+],10.7501387743
CCC(C(C)C)[C+:1](c1ccccc1)c2ccccc2,0.6988563704
CCC(C)[C:1](=O)C,-28.1986341439
CC(C)C[C:1](=O)c1ccccc1,-27.7091474156
CCCC(=C[CH+:1]C)C,2.9444875886
CC[C:1](=O)N(CC)C(C)C,-39.361255712
CCC[C+:1](CC(C)C)C(C)(C)C,2.410196354
CCC(C)[C:1](=O)OC,-30.585977232
CCCC=C[C+:1](C)CCC,2.182185955010431
C[C+:1](c1ccccc1)C(C)(C)C,3.8485084442
CCC[C:1](=[N+](CCC)CCC)CCC,-15.6642010182
CC(C)C(=[CH2:1])[N+](=O)[O-],-10.9309492034
CC[O+]=[C:1](C)C(C)C,-1.9949430805
CC(C)O[C:1](=O)Cc1ccccc1,-29.8022739143
CCC[CH:1]=[O+]CCC,2.838074774900347
CCC[C+:1](CCC)CC(C)C,4.658363259
C[CH:1]=C(C)C#N,-22.538946956462603
CCC[C:1](=O)OCCC,-30.5489609188
[CH2:1]=CC(=O)c1ccccc1,-15.9244192139
CCC[N+](=[CH:1]CC(C)C)CCC,-12.473342880167989
CCC[CH:1]=C(CC)[N+](=O)[O-],-13.1770458954
CCC(CC)O[C:1](=O)C(C)C,-32.1672500746
CCCC(=[CH2:1])[N+](=O)[O-],-10.7172902511
CCC[C:1](=C(C)C=O)CC,-20.6398595517
CCC[C:1](=CC(=O)CC)CC,-22.2363797683
CCC[C+:1](C)CCC,6.9371681882
CCC(=[C:1](C)C)C(=O)CC,-24.4533617126
C[C:1](=[O+]C(C)(C)C)C,-2.9832355932
CCC[C:1](=N)C,-34.7011367898
CC[C:1](=C(C)C#N)c1ccccc1,-25.9286666549
CC(C)[C:1](=C(C)C#N)c1ccccc1,-25.2351881087
CC(C)[C+:1](Cc1ccccc1)C(C)C,6.571981276
C[C+:1](C(C)(C)C)C(C)(C)C,5.3394784811
CC(C)[C:1](=O)OC,-30.6036262595
CC[C+:1](C)C=Cc1ccccc1,0.8228187592395332
CC(C)[CH:1]=[O+]C(C)C,1.9358159067
CCN(C(C)C)[C:1](=O)C(C)C,-40.0300656032
CCN(C)[C:1](=O)C,-34.585102678
CCC(CC)[C:1](=O)C(CC)CC,-32.6263804718
CCCC(=[C:1](CC)c1ccccc1)C#N,-26.6142064918
CC(C)(C)C[C:1](=O)CC(C)(C)C,-32.038961191
CCC[C:1](=O)OC(C)CC,-30.9129721287
CCC(C)[C:1](=O)C(C)C,-30.8153726592
CCC(CC)[C:1](=O)CC(C)C,-31.1028295149
CC[C:1](=O)CC(C)C,-29.4758036425
CCC[C+:1](C)C=CC,1.9979788454
CCCN=[C:1](C)CC,-36.3959347244
CC(C)(C)[CH:1]=O,-25.0139386805
c1ccc(cc1)C[CH+:1]c2ccccc2,9.2070655561
CC[C+:1](C)CC(C)C,6.005638882
C[CH+:1]c1ccccc1,8.542251236763317
CCCO[C:1](=O)C(CC)C(C)C,-34.1313804672
CC[CH:1]=[N+](CC)CC,-11.0504706976
CC(C)(C)C[C:1](=O)OC,-31.1208220571
CCC[C:1](=C(C#N)C(C)C)C(C)C,-29.2173931375
CCC(C)[C+:1](CC(C)(C)C)c1ccccc1,1.8366237777
CCCC(=C[CH+:1]CC)CC,3.4076431998
CCC[CH:1]=C(C)C#N,-24.4779806087
CC(C)(C)C[C:1](=O)c1ccccc1,-27.7347011355
CCCC=C[C+:1](CCC)CCC,2.2517092447
CCC[C+:1](C=C)c1ccccc1,3.1708086833
CCC(C)[C:1](=O)OC(CC)CC,-31.5674084762
CC[CH:1]=O,-24.835241314965394
CCCC(=C[C+:1](C)CC)C,-0.1976747526
CC(C)[C:1](=O)NCc1ccccc1,-35.3706827707
CCN(C)[C:1](=O)c1ccccc1,-33.082207304
CCC(CC)[CH:1]=O,-25.377081269
CCC[C+:1](CC(C)(C)C)c1ccccc1,2.5370978369
CC[C+:1](C)C=C(C)C,-0.2199728382
CCC(C(C)C)[C:1](=O)CC(C)(C)C,-35.5537162408
CCC[C:1](=C(C(C)C)[N+](=O)[O-])c1ccccc1,-16.5298083788
CC[C:1](=[NH2+])CC,-10.0539957351
CCCO[CH:1]=O,-27.319517374591303
CC[CH:1]=[N+](C)C,-9.7622394575
CCC[C:1](=NC)C(C)C,-38.5069597044
CC[CH:1]=[N+](C(C)C)C(C)C,-13.29299096851353
CC[CH:1]=C(CC)C=O,-19.1814272707
CCC(=[C:1](C)c1ccccc1)C=O,-20.7527919033
[CH2:1]=NCc1ccccc1,-30.1422131648
CCC(=C[CH+:1]c1ccccc1)C,0.3687002017
CCC(CC)[C:1](=O)C(C)(C)C,-33.1913887762
CCC[C:1](=O)OCC(C)C,-30.6823267257
CC(C)[C:1](=[NH2+])C(C)C,-12.7055452214
CC[C+:1](C=C)c1ccccc1,3.5097382373574955
CC[C:1](=[O+]CC)CC,-2.6926111453035757
CCC[C:1](=O)C,-27.394241207
CC[C:1](=O)NC(C)C,-37.0708841194
CC[CH:1]=O,-24.835241314965394
CCC(CC)[C+:1](CC)c1ccccc1,2.3826019079
CC(C)[C:1](=N)C,-35.6186857695
CCC[C:1](=C(CCC)[N+](=O)[O-])C,-16.33849664
CC[C:1](=[OH+])C(C)C,-0.7210476825
CCC[C:1](=[O+]CC)C,-2.1813315787
CC[C:1](=C(CC)[N+](=O)[O-])C(C)C,-17.8593964811
CC[CH:1]=C(CC)C(=O)CC,-22.1202878716
CC[C:1](=CC(=O)C)C,-21.7492150702
CC(C)[CH:1]=NC(C)C,-36.3253811502
CN(C)[C:1](=O)Cc1ccccc1,-33.344038884612274
CCCC(=[CH:1]CC)C#N,-24.8013651894
CCC(C)[CH+:1]c1ccccc1,8.3942075073
CC[C:1](=NC)C(C)C,-38.4133276189
CCC(=[CH:1]C)C#N,-24.5112775153
CCO[C:1](=O)CC(C)C,-30.7245395013
CCCC(=[C:1](C)C)[N+](=O)[O-],-15.2883773449
CCC[C:1](=[N+](CC)CC)CCC,-16.3399481557
CCC[C:1](=O)NC,-35.9792894231
CC[C:1](=O)OCc1ccccc1,-29.4037774748
CC[C:1](=CC#N)C(C)C,-25.2746297111
C[C:1](=CC(=O)C)C,-20.2045810965
CCC[C:1](=[N+](C)C)C(C)C,-13.6848101634
CCC[C:1](=[OH+])C,-0.3936830012
CCC[C:1](=C(C#N)C(C)C)c1ccccc1,-27.2194145211
C[C:1](=O)N(C)Cc1ccccc1,-37.04022467755303
CC(C)C[C:1](=O)OC(C)C,-31.8175960014
CC[CH:1]=[O+]C,3.2496286718
CC[C:1](=C(C)C=O)CC,-20.4541774675
CC(C)C[CH:1]=O,-25.1695937075
CCC[C+:1](c1ccccc1)C(C)C,3.325820352
CCC[C:1](=C(C#N)C(C)C)CC,-27.8078610387
CC(C)[C:1](=C[N+](=O)[O-])C,-15.507541993422073
CCCC(=[C:1](C)c1ccccc1)[N+](=O)[O-],-15.2189582922
CCC(C)[C:1](=O)C(C)CC,-29.4891189243
CCC[C:1](=C(CC)C(=O)C)CC,-23.91163330344447
CC(C)C[C:1](=O)C(C)C,-30.35076553971022
c1ccc(cc1)C[C+:1](Cc2ccccc2)Cc3ccccc3,9.4039595177
CC(C)C[C:1](=O)OC(C)(C)C,-32.9948923647
CCC[O+]=[C:1](C)C,-1.0324804534
CC[C:1](=C(CC)C(=O)CC)C,-25.1096116245
CCCN[C:1](=O)C,-34.577645948
CC(C)N[C:1](=O)C,-35.9082792097
CCCN(CCC)[C:1](=O)CC,-38.6304372606
c1ccc(cc1)[CH:1]=CC=O,-17.7838565711
CCC[C+:1](C)CC,6.3625526132
CCC(C)O[C:1](=O)C,-30.1125643181
C[C:1](=O)CC(C)(C)C,-29.3602447179
CCC[C:1](=[N+](CC)CC)CC,-13.2664219428
CCC[C:1](=O)CC(C)C,-29.7439438166
CC[C+:1](C)C=C,5.4115051249
c1ccc(cc1)C[C:1](=O)c2ccccc2,-25.4373234827
C[C:1](=O)OC(C)(C)C,-31.5343758442
CCC[C:1](=CC=O)C,-20.34096012566239
CCCN(CC)[C:1](=O)CC,-35.8338416807
CCC(C(C)C)[C:1](=O)C(C)C,-34.84012873891158
CCC(=[CH2:1])[N+](=O)[O-],-10.7270420712
CC(C)(C)C[C:1](=O)Cc1ccccc1,-28.8849509893
CCN=[CH:1]C(C)(C)C,-35.3929046728
CC[C:1](=O)OC(C)(C)C,-32.1582490018
CCC[C+:1](c1ccccc1)c2ccccc2,3.0473702401
CC(C)C[C+:1](C(C)C)C(C)C,3.4861550504401846
C[C:1](=C(C)C#N)C,-25.5269374307
CC[C:1](=C(C)C=O)C,-20.4208066254
CCC[C:1](=[N+](CC)CC)C(C)C,-16.2936182349
CC[CH+:1]c1ccccc1,8.6704753719
CC[C:1](=O)N(C)C(C)C,-36.4783406102
CC[CH:1]=C(C)C(=O)CC,-21.9039297181
CCC[CH:1]=[O+]C,3.3486754492303605
CCCC(=[C:1](CC)CC)[N+](=O)[O-],-16.561773642468776
CC(C)[CH:1]=[O+]C,3.3893526648
CCC(C(C)C)O[C:1](=O)CC,-31.2948033235
CC(C)(C)[CH:1]=[O+]C,2.7555965499
CCC[CH+:1]C=CC,5.0196804344
CCC[CH+:1]C=C(C)CCC,3.1738463228
CCN[C:1](=O)C(C)C,-37.1645333273
CCCN(CCC)[CH:1]=O,-34.9492189386
C[N+](=[CH2:1])C,-6.644944297
CCC(C(C)C)[C+:1](CC(C)(C)C)c1ccccc1,-0.4566557961
C[CH+:1]c1ccccc1,8.542251236763317
C[C:1](=[OH+])C,0.3236627868
CC[C+:1](C)c1ccccc1,4.9395742588
CCC[C:1](=O)N(CCC)C(C)C,-38.0249884656
c1ccc(cc1)C[C+:1](c2ccccc2)c3ccccc3,4.5679816695
CCC([CH+:1]c1ccccc1)C(C)C,6.8684756103
CC(C)[CH:1]=[OH+],4.358163269572856
CCC[CH:1]=C(C)C(=O)C,-21.6433333063
CCC[O+]=[CH:1]C(C)(C)C,2.2938597026
CCC(C(C)C)[C+:1](CC)c1ccccc1,2.8462543474
CCCN[C:1](=O)C(C)C,-36.6473828318
CCC(C)O[C:1](=O)C(C)C,-31.3439511508
CCC(C(C)C)[C:1](=O)C(CC)C(C)C,-38.228966420798194
CCCO[C:1](=O)C(C)(C)C,-31.0482970694
C[CH:1]=NC(C)C,-34.9978454708
CC[C:1](=C(C#N)C(C)C)c1ccccc1,-26.7986961428
CN[CH:1]=O,-31.78892905
CC[C:1](=NC(C)C)CC,-38.8058259913
CCC(C)O[C:1](=O)CC,-30.7422916666
CC(C)C[C+:1](Cc1ccccc1)C(C)C,7.2233497788
CCC[C:1](=C(CC)[N+](=O)[O-])CC,-16.42576064594007
CC[O+]=[C:1](C)C,-0.7814910417
CCC[C+:1](C(C)C)C(C)(C)C,3.8639966233
CC(C)C(=[CH2:1])C#N,-23.039666073912155
CC[C:1](=C(C)[N+](=O)[O-])c1ccccc1,-15.1042548894
CN(Cc1ccccc1)[CH:1]=O,-32.4914569885
CCC(CC)[C+:1](Cc1ccccc1)c2ccccc2,3.7679160411
CC[C+:1](C(C)C)C(C)(C)C,3.3104646849
CCC[C:1](=C(C(C)C)[N+](=O)[O-])CCC,-17.864816257
CCC[C+:1](C(C)(C)C)C(C)(C)C,2.9295387737
CC[C+:1](C)C(C)C,6.7730790489
CCCN[CH:1]=O,-33.0111493741
CC[C:1](=C(CC)C=O)C,-21.933472607
CCC[C:1](=O)N(C)C(C)C,-35.4694194436
CCCN=[CH:1]C,-33.4876399728
C[C+:1](C)C=C,5.6488373852
CN(C)[CH:1]=O,-31.9998899336
CC(C)(C)[CH:1]=NC,-35.2287672621
CC[C+:1](CC)c1ccccc1,3.9027906106
C[C:1](=[N+](C)C)Cc1ccccc1,-11.272481502
CCC(C(C)C)[C:1](=O)OC,-33.7262743061
CC[C+:1](C)Cc1ccccc1,8.1281038562
CC[C:1](=[O+]C)CC,-1.5462435689
CC[C:1](=[O+]C)c1ccccc1,-1.5722811951
CCCO[C:1](=O)c1ccccc1,-29.0880868036
CCCC(=[CH:1]C(C)C)[N+](=O)[O-],-13.4787559416
CCC[C:1](=[NH2+])Cc1ccccc1,-9.4689670393
CCC[C:1](=[O+]C)C(C)C,-1.2987417593
C[C+:1](Cc1ccccc1)C(C)(C)C,7.999073012
CCC(C)[C:1](=O)OC(C)C,-31.7339959866
CC(C)C(=[CH2:1])C#N,-23.039666073912155
CCC[C:1](=NC)CCC,-37.8683434948
CC[C:1](=[NH2+])CC(C)C,-11.4505105589
CCC[CH:1]=[O+]C(C)(C)C,1.2560993371
CCC(=C[C+:1](CC)CC)C,0.0163493162
CC[C:1](=CC(=O)C)CC,-22.9003763713
CC(C)[C+:1](c1ccccc1)C(C)C,1.0241018797
CC(C)[C:1](=[NH2+])C,-10.5715870629
CCC[C:1](=C(C)[N+](=O)[O-])C,-16.3063915242
C[C+:1](CC(C)(C)C)c1ccccc1,2.8954140461
CCC(=C[C+:1](C)CC)CC,-0.4637954219
C[C:1](=[O+]C)C,-1.0059806411
CCC[C:1](=C(CCC)[N+](=O)[O-])C(C)C,-18.9176010605
CC[C:1](=C(CC)C(=O)C)C,-24.360879209
CCCC(=[C:1](C)C(C)C)[N+](=O)[O-],-16.3915853506
CCCN=[CH:1]c1ccccc1,-33.6769734637
CC(C)[C:1](=O)OC(C)(C)C,-32.9025209262
CCCN=[CH2:1],-31.336015546
CC[C:1](=[O+]CC)CC,-2.6926111453035757
CCC[C:1](=NCCC)CCC,-36.1456305054
CCC[C:1](=O)OC(CC)CC,-31.0222064784
CC(C)(C)[C+:1](C(C)(C)C)C(C)(C)C,4.8881376856
CCC[C:1](=C(C)[N+](=O)[O-])c1ccccc1,-15.2950304587
CCCC(=[C:1](CCC)C(C)C)C#N,-26.9733309345
C[C:1](=N)C(C)(C)C,-36.216186877
CCC[CH:1]=[O+]C(C)C,0.7882920518633335
CCC[C:1](=[NH2+])c1ccccc1,-9.1586446668
CC[C:1](=[OH+])c1ccccc1,-0.7784144263465685
CCCO[C:1](=O)CC(C)C,-30.8307792712
C[C:1](=CC#N)C,-23.0727580706
CCC[C:1](=C(CC)[N+](=O)[O-])CCC,-16.6142453477
CC[C:1](=NC)C,-35.6332369217
CCCC=C[C+:1](CC)CC,1.3191595361
C[C:1](=O)OC,-29.0335566428
CCCC(=[CH2:1])C#N,-22.5151872186
C[C:1](=[N+](C)C)C,-11.845796624
CCC[C+:1](CC)Cc1ccccc1,6.950488969
C[C+:1](C=C)c1ccccc1,3.0232704104823194
C[CH:1]=C(C#N)C(C)C,-24.879027611972425
CCC(CC)[C:1](=O)OC,-31.545126360793894
CC(C)[CH:1]=C(C)C#N,-25.731993063
C[O+]=[CH:1]Cc1ccccc1,4.3507709578
CCC[C:1](=NC(C)C)CC,-37.8341271994
CC(C)[CH:1]=NC,-34.25004319584304
CCCN(C)[C:1](=O)CC,-35.2133281714
CC[C:1](=NCC)CC,-36.3816886866
CC(C)CO[C:1](=O)c1ccccc1,-29.8488205567
C[C:1](=C(C)C=O)C,-20.1439517562
CCCO[C:1](=O)C(CC)CC,-31.9968975428
CC[C:1](=[OH+])c1ccccc1,-0.7784144263465685
CCC[C:1](=O)NCc1ccccc1,-35.5009388535
c1ccc(cc1)C[C:1](=O)Cc2ccccc2,-26.8947364513
CC(C)[CH:1]=NC,-34.25004319584304
